date,aqi_index,co,no,no2,o3,so2,pm2_5,pm10,nh3,temperature,humidity,pressure,wind_speed
2024-11-07,,,,,,,,,,27.9,78.0,1013.2,11.9
2024-11-08,101.29926555856204,654.733076923077,0.2276923076923077,24.293846153846154,51.41538461538461,5.702307692307692,35.621538461538464,69.13153846153847,6.137692307692307,27.2,78.0,1013.9,11.2
2024-11-09,91.29017295597484,497.20208333333335,0.5279166666666667,14.2875,67.17375,4.6000000000000005,29.96666666666667,62.33916666666667,3.9879166666666666,27.2,77.0,1014.4,11.5
2024-11-10,111.62282244556114,603.7345833333333,1.3191666666666666,18.110416666666666,62.43625,5.122916666666667,39.814166666666665,92.01166666666667,5.007083333333333,27.2,78.0,1013.6,10.7
2024-11-11,152.9080655075518,843.7816666666666,4.72125,25.23625,57.19375,7.28375,59.19541666666667,149.26500000000001,7.695416666666667,27.4,75.0,1012.9,7.6
2024-11-12,168.33674042852124,1505.0966666666666,15.53125,38.85666666666666,43.745000000000005,10.777916666666668,89.07666666666667,191.13708333333332,13.135416666666666,26.9,67.0,1012.0,6.1
2024-11-13,182.77125922023183,2115.369166666667,21.607916666666668,56.334583333333335,36.550000000000004,15.487916666666665,117.03250000000001,196.44916666666666,18.375416666666666,26.8,58.0,1013.2,7.2
2024-11-14,174.15237091675448,2112.4479166666665,17.930833333333332,58.149166666666666,46.809583333333336,17.455000000000002,100.33999999999999,146.49208333333334,19.68875,26.9,55.0,1013.6,7.7
2024-11-15,149.84815745393638,1069.9225,6.49125,32.33708333333333,70.51208333333334,12.045416666666666,55.33833333333334,88.50083333333333,10.170416666666666,26.7,67.0,1013.1,6.4
2024-11-16,157.09660168598526,1361.7083333333333,7.458333333333333,41.53333333333333,52.58583333333333,9.5625,67.3075,125.97333333333334,9.498333333333333,26.7,68.0,1013.5,7.0
2024-11-17,201.34767267267267,2690.594583333333,9.082916666666668,82.49666666666667,70.42833333333333,23.78708333333333,150.85083333333333,224.73833333333334,19.733333333333334,27.2,53.0,1014.7,7.5
2024-11-18,305.96527777777777,4392.067916666667,17.014166666666664,140.33208333333334,63.166666666666664,51.6475,255.51041666666666,349.19,42.82749999999999,26.8,53.0,1015.4,7.5
2024-11-19,210.449512012012,2985.9933333333333,13.13,90.895,66.48791666666666,30.616666666666664,160.03541666666666,223.29958333333332,30.077083333333334,26.1,59.0,1014.4,6.8
2024-11-20,186.15410080786793,2553.1854166666667,18.717499999999998,69.57375,50.872083333333336,23.787499999999998,123.58416666666666,173.07500000000002,23.977083333333336,25.9,67.0,1014.0,6.7
2024-11-21,168.70312170706006,1823.0279166666667,15.082500000000001,47.21458333333333,55.763749999999995,13.445833333333333,89.78625,126.755,12.860833333333332,26.2,65.0,1013.4,7.7
2024-11-22,161.25932121531437,1602.7291666666667,13.542916666666668,44.25208333333333,57.22625,11.927916666666667,75.36958333333334,104.555,11.723333333333334,26.4,65.0,1013.8,7.5
2024-11-23,147.33557370184252,1231.80875,6.928333333333334,37.443333333333335,53.01083333333333,8.84875,54.31791666666666,77.92458333333333,9.593333333333334,26.1,67.0,1014.5,6.5
2024-11-24,500.0,2500.891666666667,15.786666666666667,72.07958333333333,47.55583333333333,18.186666666666667,115.45666666666666,154.89000000000001,17.138333333333332,25.7,50.0,1015.3,6.6
2024-11-25,264.28716216216213,4004.87625,23.873333333333335,118.42791666666666,53.43833333333333,49.36166666666667,214.36249999999998,282.6025,40.99,25.6,62.0,1014.7,5.7
2024-11-26,227.88063063063063,3617.6845833333336,40.083333333333336,87.07375,38.22208333333333,24.3925,177.625,240.25583333333336,28.775833333333335,26.4,72.0,1013.2,6.2
2024-11-27,158.2125263435195,1455.8637500000002,9.442083333333334,42.9475,45.37416666666667,9.660416666666666,69.46875,122.29875,11.149166666666666,25.7,76.0,1013.9,5.7
2024-11-28,192.22058306989814,2886.4150000000004,27.581666666666667,77.28625,37.23083333333334,17.764583333333334,135.33333333333334,181.15166666666667,15.851666666666667,25.4,73.0,1014.6,6.0
2024-11-29,179.38260888654725,2477.805,21.682083333333335,67.91791666666667,42.42333333333334,22.59625,110.46958333333333,151.63833333333335,17.31,25.9,49.0,1013.8,8.1
2024-11-30,181.48967773094483,1582.7016666666666,5.389583333333333,41.81333333333333,82.41333333333334,33.279583333333335,114.55041666666666,189.8525,15.456666666666665,24.8,41.0,1012.0,7.3
2024-12-01,235.10247747747746,2658.8833333333337,5.112916666666666,79.27041666666666,71.115,42.538333333333334,184.9125,260.96125,28.456666666666667,25.1,40.0,1012.5,7.2
2024-12-02,234.88033033033037,2997.6766666666667,15.491666666666667,79.20541666666666,64.96041666666666,39.63666666666666,184.68833333333336,264.5441666666667,36.95916666666667,25.6,43.0,1014.7,12.5
2024-12-03,188.53588777219426,1015.8220833333334,0.8904166666666665,23.112916666666667,100.34416666666665,20.22625,93.24708333333332,151.16291666666666,11.679166666666667,25.1,43.0,1015.6,11.5
2024-12-04,180.71044520547946,1384.0991666666666,0.6745833333333334,33.15208333333333,94.98,24.826666666666668,113.04125,175.89416666666668,16.51625,24.2,52.0,1014.8,6.1
2024-12-05,230.5368993993994,3069.4408333333336,18.2225,79.32791666666667,54.405,26.517083333333332,180.30541666666667,247.08666666666667,29.746666666666666,23.1,55.0,1013.3,6.7
2024-12-06,278.32785285285286,3824.0750000000003,26.584999999999997,102.01875,59.05375,37.26208333333333,228.53083333333333,299.4241666666667,33.29625,22.4,25.0,1012.7,8.3
2024-12-07,179.94627239199156,2578.497083333333,22.905416666666667,67.11791666666666,54.15875,28.709999999999997,111.56124999999999,157.61625,30.98375,21.9,14.0,1014.8,10.5
2024-12-08,144.20248881431766,878.1358333333333,1.62875,27.18958333333333,83.23708333333333,20.340416666666666,37.67375,76.38625,12.500416666666666,20.4,25.0,1016.9,7.4
2024-12-09,232.23521021021023,3790.695833333333,31.163750000000004,107.47458333333333,39.07875,52.034166666666664,182.01916666666668,268.01708333333335,47.55041666666667,20.4,27.0,1017.1,6.7
2024-12-10,212.8600975975976,3338.138333333334,23.476249999999997,93.00791666666667,52.70791666666667,57.76625000000001,162.46791666666667,235.97,40.709583333333335,20.2,32.0,1016.8,6.3
2024-12-11,215.77402402402402,3081.9570833333332,19.131249999999998,84.39666666666666,55.90291666666667,51.6775,165.40833333333333,236.18125,37.10125,19.4,27.0,1017.7,8.5
2024-12-12,165.69806375131716,1542.6479166666668,5.1345833333333335,43.404583333333335,79.05791666666667,31.610416666666666,83.96625,134.38541666666666,21.575,19.3,27.0,1018.7,13.8
2024-12-13,211.95711275026343,943.2229166666666,1.0504166666666668,23.673333333333332,115.60333333333334,28.142916666666665,79.09583333333333,136.63750000000002,11.067916666666667,19.7,26.0,1017.9,11.3
2024-12-14,221.69020021074817,1129.0320833333333,0.735,27.231666666666666,124.93333333333334,32.107083333333335,104.28375,163.02458333333334,12.92,19.4,29.0,1018.0,7.3
2024-12-15,240.86715465465468,3075.8387500000003,15.985833333333334,80.46249999999999,69.1775,33.21958333333333,190.72958333333335,247.42208333333335,35.85,20.5,32.0,1016.7,6.3
2024-12-16,304.3,4194.577916666666,35.09166666666666,102.84708333333333,57.19,51.14041666666666,253.83,341.35249999999996,47.94,20.2,35.0,1015.9,6.7
2024-12-17,246.14542042042044,3293.6341666666667,18.44458333333333,93.30666666666667,60.859166666666674,43.95875,196.05583333333334,281.9370833333333,38.77375,20.7,27.0,1014.6,7.5
2024-12-18,181.9961143308746,2174.3370833333333,6.884166666666666,67.94541666666667,62.025416666666665,34.77916666666667,115.53125,169.78541666666666,26.513333333333332,19.8,35.0,1014.6,7.4
2024-12-19,191.0749692658939,2151.8070833333336,6.796666666666667,58.899166666666666,73.21041666666666,30.000416666666666,133.11458333333334,183.97333333333333,27.2375,19.3,32.0,1016.2,10.2
2024-12-20,500.0,1648.6245833333332,2.3266666666666667,43.97625,99.03333333333335,35.26625,119.12124999999999,154.66666666666666,20.4475,18.5,30.0,1015.2,10.2
2024-12-21,197.7121021775544,1345.4358333333332,1.1954166666666668,32.20125,104.07083333333333,26.574166666666667,99.14458333333333,130.38541666666666,16.604166666666668,19.3,47.0,1013.5,6.6
2024-12-22,187.39545135230065,2042.9083333333335,4.125,57.00333333333333,75.205,19.572916666666668,125.98833333333334,164.42666666666665,20.6825,19.1,51.0,1015.3,7.1
2024-12-23,258.3474099099099,3273.883333333333,18.0575,89.36625,67.01208333333334,39.70708333333334,208.36875,279.77916666666664,35.36333333333334,19.1,39.0,1018.1,10.2
2024-12-24,206.64068756585883,1283.6854166666667,1.4370833333333335,29.667083333333334,110.50708333333334,24.974166666666665,115.77,145.13,15.117916666666666,18.7,40.0,1019.3,11.6
2024-12-25,219.26301369863015,1207.4708333333333,0.9566666666666667,25.554166666666664,122.60666666666667,25.878333333333334,121.18041666666666,151.98708333333335,12.563749999999999,18.8,38.0,1020.0,10.7
2024-12-26,204.86854583772393,1374.6420833333334,1.3308333333333333,32.202083333333334,108.80833333333334,28.392083333333332,116.20791666666666,146.40916666666666,16.02875,18.8,34.0,1019.8,6.3
2024-12-27,277.72417417417415,4292.487916666667,34.52708333333333,117.24875000000002,47.74541666666667,47.27708333333334,227.92166666666665,289.2316666666666,47.81375,18.7,37.0,1019.8,6.8
2024-12-28,196.6877239199157,2642.75,11.553749999999999,73.05041666666666,55.747083333333336,29.990416666666665,143.98499999999999,193.83666666666667,30.250833333333333,19.2,29.0,1020.3,9.2
2024-12-29,175.74482788900596,1718.9991666666667,6.361666666666667,44.355,87.28416666666668,31.282083333333333,103.42416666666666,162.6,21.885416666666668,19.6,35.0,1019.1,7.5
2024-12-30,500.0,2953.4491666666668,12.034999999999998,87.02375,69.44625,49.35208333333333,175.56625,254.99708333333334,35.78208333333333,20.0,35.0,1018.7,6.5
2024-12-31,278.9703453453453,4122.256666666667,31.949583333333333,112.17083333333333,44.364583333333336,59.01791666666667,229.17916666666667,309.55583333333334,48.490833333333335,20.4,36.0,1017.2,8.2
2025-01-01,208.98986486486487,2157.92625,3.06375,63.41791666666666,77.44041666666666,45.83625,158.5625,236.31083333333333,26.112083333333334,19.9,47.0,1016.7,6.4
2025-01-02,408.4200466977985,5196.4920833333335,28.882500000000004,148.03,39.16416666666667,51.85541666666666,361.73499999999996,461.1820833333333,49.11208333333334,20.4,59.0,1016.2,7.0
2025-01-03,258.9960960960961,2381.2854166666666,9.581249999999999,57.32791666666666,111.06208333333335,27.368750000000002,209.02333333333334,270.53208333333333,21.24083333333333,19.9,49.0,1015.1,9.0
2025-01-04,131.43827470686767,1064.6395833333333,1.6675000000000002,30.1925,76.79916666666666,12.680833333333332,47.86166666666667,69.97583333333334,11.435,17.8,46.0,1016.6,6.9
2025-01-05,191.5964655778012,2547.342916666667,11.029166666666667,70.44458333333334,56.68833333333333,31.351249999999997,134.12458333333333,176.0716666666667,29.124166666666667,18.5,34.0,1018.9,7.2
2025-01-06,183.88653846153846,2293.1091666666666,10.774583333333332,58.89958333333333,76.00333333333333,32.99,119.1925,161.56958333333333,30.451666666666668,18.8,25.0,1019.0,6.8
2025-01-07,193.30402177730946,2778.767916666666,13.371666666666668,76.47791666666667,56.435833333333335,38.50541666666667,137.43166666666667,191.43916666666667,35.92958333333333,17.9,46.0,1016.1,6.4
2025-01-08,323.11726726726727,4221.281666666667,19.98125,119.15375,72.85083333333334,51.290416666666665,272.8183333333333,338.75166666666667,43.43416666666667,18.8,44.0,1014.9,5.6
2025-01-09,387.3809684684685,5246.00375,32.47541666666667,137.60583333333332,55.17083333333333,58.41291666666667,337.66625,439.82874999999996,46.80708333333334,20.1,39.0,1015.9,7.3
2025-01-10,287.31655405405405,3506.978333333333,9.417083333333332,92.45791666666666,71.71958333333333,41.435833333333335,237.60125000000002,299.95416666666665,39.645,19.9,45.0,1017.0,5.9
2025-01-11,256.43066816816815,3196.00125,14.2175,86.35291666666666,60.206250000000004,34.02333333333333,206.43458333333334,278.85541666666666,34.10125,19.9,32.0,1019.2,10.1
2025-01-12,194.46287688442214,1779.0791666666667,6.628333333333334,42.85458333333333,102.75125000000001,34.57041666666667,132.82083333333333,181.00041666666667,20.194166666666664,18.4,46.0,1019.2,12.2
2025-01-13,500.0,1194.1204166666666,1.0295833333333333,26.310833333333335,107.16875,25.659166666666668,117.34583333333335,154.74416666666667,12.809583333333334,18.6,51.0,1018.3,7.6
2025-01-14,198.69927116262733,2241.3733333333334,4.835416666666666,64.26208333333334,72.14125,33.56666666666667,147.88083333333333,201.4625,26.892500000000002,19.6,52.0,1019.1,7.3
2025-01-15,233.10274024024025,2863.882916666667,15.402916666666668,70.99333333333333,57.23458333333334,25.605833333333333,182.89458333333334,242.95666666666668,29.038749999999997,18.7,55.0,1020.3,6.3
2025-01-16,331.3057432432433,3727.8345833333333,12.574583333333335,107.21625,73.12708333333333,43.91916666666666,281.08125,359.8575,38.040416666666665,19.5,37.0,1018.3,12.7
2025-01-17,192.49918341708542,1266.7175,1.9479166666666667,30.966250000000002,101.95375,27.32375,99.47125,151.5375,14.811666666666666,19.6,36.0,1015.5,10.8
2025-01-18,196.38655778894474,1253.9229166666667,0.9966666666666666,31.690833333333334,103.53250000000001,28.1525,106.2975,152.31041666666667,13.800833333333335,20.1,33.0,1015.9,7.6
2025-01-19,210.92229729729732,2195.2000000000003,4.88,63.07708333333333,83.84166666666667,31.629583333333333,160.51250000000002,211.17291666666665,22.93166666666667,20.4,40.0,1015.7,7.8
2025-01-20,340.8493993993994,4159.5304166666665,20.715,106.73166666666667,61.45791666666667,38.6825,290.71166666666664,355.5520833333333,42.19375,19.9,57.0,1014.7,7.7
2025-01-21,344.71261261261265,3491.400833333333,9.700833333333334,92.62208333333332,109.48666666666666,31.709166666666665,294.61,349.3475,32.74583333333333,20.5,57.0,1014.9,7.6
2025-01-22,181.27453898840886,2285.877916666667,10.144166666666667,65.53208333333333,56.990833333333335,18.54,114.13375,150.81208333333333,21.1525,20.5,29.0,1017.3,9.4
2025-01-23,171.6808570425009,1992.7025,7.627083333333334,54.307916666666664,68.2075,27.299166666666665,95.55333333333334,129.82958333333332,26.762083333333333,20.4,27.0,1016.9,11.0
2025-01-24,300.0,1946.5283333333334,5.485416666666667,53.3225,81.1525,32.251666666666665,85.51916666666666,118.89125,26.778750000000002,20.3,28.0,1016.1,7.9
2025-01-25,221.17079579579578,3670.53375,28.5675,88.86666666666667,53.514166666666675,31.62,170.85416666666666,223.20000000000002,40.05166666666667,19.6,50.0,1014.7,7.0
2025-01-26,260.1266516516516,3222.147916666667,8.404166666666667,91.70875000000001,94.15666666666668,26.633750000000003,210.16416666666666,268.4108333333333,30.92125,19.9,66.0,1012.7,6.3
2025-01-27,366.42935435435436,4789.830416666667,31.346666666666664,121.66791666666667,70.90416666666665,30.959166666666665,316.52416666666664,392.87875,36.02458333333333,20.4,75.0,1012.1,6.9
2025-01-28,193.3367228661749,2223.8491666666664,15.282916666666667,61.83708333333333,55.385416666666664,19.857916666666668,137.495,197.30416666666667,18.558333333333334,21.6,77.0,1012.8,8.8
2025-01-29,152.37796364594308,929.31625,4.4991666666666665,26.69666666666667,68.95541666666666,8.215416666666668,58.168749999999996,125.2725,8.040833333333333,21.1,44.0,1012.6,9.3
2025-01-30,172.5168861959958,1680.6116666666667,14.203333333333333,40.46375,86.62458333333332,20.668333333333333,97.1725,162.91541666666666,17.8175,19.1,33.0,1011.9,10.1
2025-01-31,148.51602348993288,705.9558333333333,2.1454166666666667,21.998333333333335,84.54875,18.0825,32.3525,75.59375,8.85125,18.8,39.0,1014.3,7.9
2025-02-01,300.0,2331.772916666667,11.777916666666664,72.28750000000001,75.17625,35.72291666666667,130.35416666666666,193.60958333333335,29.617083333333337,21.2,27.0,1015.1,9.7
2025-02-02,183.21934673366835,1443.0683333333334,3.519166666666667,38.05708333333333,98.185,27.884583333333335,83.01041666666667,124.49708333333332,21.271666666666665,20.7,40.0,1014.6,9.0
2025-02-03,208.319375658588,1275.2025,4.510416666666667,32.31583333333334,112.11625,20.779166666666665,78.72958333333334,115.69875,16.688333333333333,20.7,49.0,1016.0,10.1
2025-02-04,173.09001256281408,917.7720833333333,2.0458333333333334,29.78125,94.07125,9.435833333333333,36.96,71.21625,11.671666666666667,19.9,42.0,1016.6,8.0
2025-02-05,272.5557432432432,4132.270833333333,31.703333333333333,118.51249999999999,49.32958333333334,39.760416666666664,222.70624999999998,290.7083333333333,49.13791666666666,21.5,23.0,1016.9,9.7
2025-02-06,176.66368545837724,2087.8329166666667,11.755833333333333,60.64125000000001,82.28291666666667,47.0275,105.20375,169.13875,30.304583333333337,22.9,19.0,1016.5,10.1
2025-02-07,500.0,1619.975416666667,2.5091666666666668,50.62416666666667,94.5025,38.861666666666665,91.24791666666665,154.88541666666666,24.202916666666667,21.7,31.0,1014.7,8.2
2025-02-08,248.62661411411412,2809.365,5.252916666666667,90.80125,83.04,31.40125,198.55958333333334,270.77625,32.37291666666667,21.3,46.0,1013.6,7.5
2025-02-09,267.4579204204204,2890.8641666666667,11.140833333333333,86.01666666666667,116.88541666666667,22.292916666666667,217.56208333333333,262.1479166666667,27.336249999999996,21.8,74.0,1014.3,9.5
2025-02-10,202.08623551106427,970.6216666666668,2.7670833333333333,25.839583333333334,106.14125,8.200416666666667,89.12,116.30291666666666,7.567083333333333,22.9,75.0,1014.7,9.7
2025-02-11,148.42206867671692,1000.94125,1.6762499999999998,33.2975,65.44583333333334,9.372083333333334,54.759166666666665,105.16250000000001,8.464166666666666,23.5,52.0,1016.3,6.8
2025-02-12,410.21919613075386,5486.32875,28.326666666666668,158.8825,73.5525,36.388333333333335,364.4591666666667,471.02583333333337,48.98041666666666,23.0,54.0,1015.9,7.5
2025-02-13,340.9848348348348,3709.752916666667,21.60083333333333,93.59041666666667,136.11125,37.087916666666665,290.8483333333333,379.41166666666663,34.783750000000005,24.5,61.0,1013.6,11.7
2025-02-14,134.80123042505593,716.2479166666667,2.6133333333333333,22.270416666666666,80.37833333333333,6.680833333333333,41.6425,92.5725,6.742083333333333,24.6,70.0,1011.6,11.3
2025-02-15,126.75788590604024,497.61875000000003,1.3466666666666667,13.29,77.93249999999999,4.40375,33.43083333333333,79.58916666666667,3.998333333333333,24.9,67.0,1011.8,10.3
2025-02-16,115.19574944071591,553.1104166666667,1.4275,14.780000000000001,74.41666666666667,5.013333333333334,30.308333333333334,62.85583333333333,4.2683333333333335,25.3,60.0,1014.1,7.2
2025-02-17,312.2626126126126,3793.4779166666667,19.197916666666668,105.95958333333333,104.53958333333333,27.602083333333336,261.865,332.21625,29.990416666666665,25.4,62.0,1014.2,9.3
2025-02-18,111.0072445561139,1068.95,6.925416666666667,30.1275,49.70291666666666,9.4225,39.564166666666665,72.98416666666667,10.4725,25.6,60.0,1011.8,14.9
2025-02-19,106.17815995525729,470.36083333333335,0.8562500000000001,10.585,71.67458333333333,4.71625,29.212083333333336,55.55916666666667,3.4895833333333335,25.7,45.0,1013.1,6.9
2025-02-20,179.17069722514927,2346.7937500000003,16.52875,71.13708333333334,75.36874999999999,20.527916666666666,110.05916666666667,164.195,22.222916666666666,24.5,43.0,1016.1,5.4
2025-02-21,349.94793543543545,5787.849999999999,45.21416666666667,189.15625,19.95875,45.388749999999995,299.8929166666667,395.97749999999996,56.93416666666667,23.5,51.0,1016.9,7.6
2025-02-22,240.28040540540542,2304.2370833333334,4.8812500000000005,67.03916666666667,127.31541666666668,26.737083333333334,190.13750000000002,248.86208333333332,24.759583333333335,23.0,78.0,1016.1,6.8
2025-02-23,177.05760449596065,1358.2304166666665,3.080416666666667,37.33625,69.59208333333333,11.166666666666666,105.96666666666665,133.55541666666667,8.879166666666666,23.4,79.0,1016.1,6.6
2025-02-24,183.2426282051282,2446.6520833333334,25.762916666666666,64.0625,23.074583333333337,24.472916666666666,117.94541666666667,151.02166666666668,20.704583333333332,24.4,64.0,1016.5,5.7
2025-02-25,289.18663663663665,4005.431666666667,34.275416666666665,112.25708333333334,61.01291666666666,26.802083333333332,239.48833333333334,290.55583333333334,30.868750000000002,24.1,71.0,1016.0,7.3
2025-02-26,161.76704864769934,1883.3870833333333,26.263333333333335,40.83583333333333,22.050833333333333,15.264583333333334,76.35291666666667,99.69333333333333,16.86583333333333,23.8,80.0,1013.4,10.4
2025-02-27,74.21103361945637,543.515,1.1616666666666666,15.88,53.107499999999995,6.237916666666667,23.137083333333333,48.71041666666667,4.39375,24.3,72.0,1011.6,15.5
2025-02-28,191.54811557788943,390.80791666666664,0.6120833333333333,8.434583333333334,101.5675,3.2845833333333334,18.85125,55.50833333333333,2.2708333333333335,23.5,72.0,1012.8,9.3
2025-03-01,204.40301633298208,455.47791666666666,0.61375,11.333333333333334,108.36208333333333,4.385416666666667,25.075,64.87083333333334,3.297916666666667,23.0,70.0,1012.7,9.2
2025-03-02,189.01398659966503,1139.3220833333332,4.953333333333333,33.52333333333333,100.53833333333334,14.4,59.490833333333335,102.54208333333334,8.935,24.1,68.0,1013.5,12.2
2025-03-03,181.41980737018426,509.0233333333333,0.5370833333333334,13.592500000000001,97.45416666666667,6.528333333333333,42.59875,134.26916666666668,4.660416666666666,24.0,20.0,1017.6,7.6
2025-03-04,170.73811907270812,2430.795833333333,9.81875,84.33083333333333,81.46541666666667,33.71666666666667,93.7275,140.31375,34.28333333333333,23.1,35.0,1017.7,8.2
2025-03-05,500.0,694.27,0.0,16.11,94.41,17.64,29.27,54.33,17.99,25.1,58.0,1014.1,8.8
2025-03-06,,,,,,,,,,26.3,53.0,1011.1,7.7
2025-03-07,239.18805327066192,3651.6191304347826,32.34217391304348,104.07217391304347,80.06217391304348,22.855217391304347,189.03521739130431,246.8778260869565,34.479565217391304,28.4,39.0,1008.5,9.8
2025-03-08,123.82870603015076,990.7879166666667,4.4383333333333335,29.94458333333333,72.0175,12.0575,44.77125,84.25583333333333,13.407499999999999,28.6,43.0,1010.4,8.0
2025-03-09,223.14590358271866,2562.9204166666664,9.553333333333333,74.12833333333333,126.32875,20.16375,169.79208333333335,218.00083333333336,29.49,28.3,43.0,1012.4,8.2
2025-03-10,154.2393440463646,1647.5120833333333,13.460416666666667,48.64625,37.60208333333333,12.487499999999999,61.77375,95.57791666666667,20.377916666666668,27.4,52.0,1012.6,8.1
2025-03-11,197.87808658236742,2946.2175,26.881249999999998,83.16791666666667,65.08083333333333,18.453333333333333,146.29041666666666,187.3970833333333,28.010833333333334,27.2,62.0,1010.3,9.6
2025-03-12,91.63004291845493,694.5524999999999,4.05375,20.173750000000002,59.26166666666666,5.99125,31.42,60.20541666666667,6.165416666666666,28.0,62.0,1008.5,12.3
2025-03-13,124.20922818791946,522.6529166666667,1.4283333333333335,13.449583333333335,77.1575,4.685416666666667,28.761666666666667,63.01541666666666,4.044583333333334,27.3,60.0,1008.7,13.9
2025-03-14,155.4403685092127,469.1075,0.8654166666666666,11.180416666666666,86.90333333333332,3.660833333333333,24.947916666666668,67.78375,3.370416666666667,27.0,48.0,1011.4,10.3
2025-03-15,208.2898182297155,773.2708333333334,2.845,21.73,112.08791666666667,10.579166666666667,36.60916666666667,86.69791666666667,10.362499999999999,26.6,42.0,1012.7,9.0
2025-03-16,185.49185510887773,903.4470833333334,3.0695833333333336,27.182083333333335,99.10791666666667,11.296666666666667,49.40083333333333,122.26333333333334,13.325000000000001,26.3,48.0,1013.1,8.8
2025-03-17,154.675,1326.52125,7.854166666666667,40.82083333333333,74.64708333333333,11.149166666666666,62.6175,129.95916666666668,16.85375,25.4,64.0,1012.1,8.3
2025-03-18,121.13350083752094,1080.91,7.512083333333333,31.02,70.98916666666666,8.910833333333333,43.67666666666667,84.02041666666666,9.757083333333334,25.8,67.0,1012.9,10.8
2025-03-19,136.66065436241615,441.84875000000005,0.8166666666666668,12.197083333333333,80.94375000000001,4.882083333333333,20.132083333333334,52.67541666666667,3.8470833333333334,26.2,69.0,1014.3,10.5
2025-03-20,144.6944071588367,554.2233333333334,1.3391666666666666,16.507083333333334,83.38666666666667,6.338333333333334,25.83458333333333,57.73458333333334,5.0575,26.8,63.0,1014.9,9.3
2025-03-21,175.04906919564453,1971.70125,12.330833333333333,59.53916666666667,93.14666666666666,14.714583333333332,102.07666666666667,148.63,15.799999999999999,26.8,63.0,1013.0,9.5
2025-03-22,153.89937185929648,555.1970833333334,1.7416666666666665,16.39875,86.27749999999999,4.87125,23.272499999999997,53.062916666666666,5.01375,27.8,51.0,1013.3,10.3
2025-03-23,158.22893634840875,523.2091666666666,1.3808333333333334,14.971666666666666,88.03583333333334,5.261666666666667,24.525833333333335,53.442499999999995,5.382083333333333,27.5,48.0,1012.6,11.8
2025-03-24,162.7052135678392,501.3754166666667,1.0641666666666667,14.0525,89.85374999999999,5.746666666666666,23.955,44.61041666666667,5.44,25.8,74.0,1009.1,11.5
2025-03-25,148.51739373601788,392.75500000000005,0.6104166666666667,8.8075,84.54916666666666,4.169583333333334,26.16208333333333,55.63791666666666,3.06375,25.9,67.0,1007.7,14.0
2025-03-26,180.96633165829147,290.39,0.0,3.9,97.27,3.52,27.25,66.23,1.41,26.9,36.0,1010.5,11.2
2025-03-27,216.25843679846062,697.0313043478261,1.3656521739130434,23.041304347826088,119.72652173913043,12.871304347826088,24.758695652173916,64.29,9.670434782608694,26.4,20.0,1012.2,8.5
2025-03-28,192.46327470686768,2076.4283333333333,5.960416666666667,73.23708333333333,101.93916666666667,27.388333333333335,83.82666666666667,113.63541666666667,27.817916666666665,26.7,29.0,1011.5,8.7
2025-03-29,261.1571917808219,1845.0024999999998,4.651666666666666,54.56875,162.76583333333335,28.605416666666667,123.1425,169.84083333333334,24.755,26.5,44.0,1011.3,9.2
2025-03-30,218.20242360379348,580.79,0.0,12.85,121.59,9.54,52.51,76.17,13.43,26.2,66.0,1010.5,8.0
2025-03-31,,,,,,,,,,27.3,59.0,1008.9,7.5
2025-04-01,,,,,,,,,,27.2,63.0,1008.8,7.2
2025-04-02,,,,,,,,,,27.5,64.0,1010.6,9.4
2025-04-03,,,,,,,,,,27.9,63.0,1011.6,8.6
2025-04-04,266.07411921015256,1863.106956521739,4.8539130434782605,55.15304347826087,167.4791304347826,28.91608695652174,125.94217391304348,173.56565217391307,24.553478260869564,28.9,55.0,1010.5,12.1
2025-04-05,218.20242360379348,580.79,0.0,12.85,121.59,9.54,52.51,76.17,13.43,30.4,42.0,1008.8,15.6
2025-04-06,175.1563469521521,110.8691304347826,0.003913043478260869,0.07695652173913044,94.9104347826087,0.3808695652173913,16.633478260869566,45.509565217391305,0.01391304347826087,28.8,59.0,1008.6,12.7
2025-04-07,106.5974552572707,109.765,0.00375,0.08083333333333334,71.80208333333333,0.37125,18.596666666666668,51.85916666666666,0.0,27.9,74.0,1010.1,8.8
2025-04-08,72.59415618448635,111.64333333333333,0.004166666666666667,0.08666666666666667,61.10708333333333,0.29125,20.74625,71.80624999999999,0.0,27.7,77.0,1008.9,10.9
2025-04-09,500.0,109.89416666666666,0.00375,0.06874999999999999,65.01625,0.21708333333333332,15.081666666666665,54.24875,0.0,27.7,78.0,1005.1,11.5
2025-04-10,89.9881289308176,121.65125,0.00375,0.06916666666666667,66.75125,0.27791666666666665,19.69625,70.05,0.0,28.1,75.0,1003.0,11.4
2025-04-11,119.16124161073827,128.62375,0.004166666666666667,0.08833333333333333,75.6225,0.51125,30.5975,109.17125,0.0,29.6,64.0,1006.3,11.5
2025-04-12,101.77692953020134,124.92041666666667,0.004166666666666667,0.08791666666666666,70.33624999999999,0.445,26.652916666666666,84.62041666666666,0.0,28.5,75.0,1009.4,14.6
2025-04-13,79.06371602288984,123.34708333333333,0.004583333333333333,0.075,61.74,0.30125,25.44458333333333,69.95291666666667,0.0,28.4,76.0,1008.4,16.4
2025-04-14,66.02859442060085,127.13541666666667,0.004166666666666667,0.07375,58.45250000000001,0.3154166666666667,19.24625,52.49166666666667,0.0,28.7,77.0,1007.2,14.2
2025-04-15,55.58980686695279,116.53791666666666,0.004583333333333333,0.08333333333333333,51.451249999999995,0.34041666666666665,14.282499999999999,60.11708333333333,0.0,29.1,70.0,1006.5,14.7
2025-04-16,49.224151234567906,106.32583333333334,0.005,0.08333333333333333,49.556666666666665,0.34833333333333333,11.6025,53.162083333333335,0.0,29.4,68.0,1005.6,16.6
2025-04-17,53.40586700336701,105.85666666666667,0.004583333333333333,0.09125,50.999583333333334,0.41125000000000006,12.799166666666666,59.86083333333334,0.0,28.7,72.0,1005.1,14.9
2025-04-18,59.4809595959596,105.54375,0.0062499999999999995,0.10375000000000001,53.885416666666664,0.535,13.931666666666667,72.135,0.0,30.1,56.0,1004.6,14.0
2025-04-19,107.57718120805369,108.44,0.0,0.14,72.1,0.84,19.16,95.34,0.0,31.1,40.0,1006.8,11.2
2025-04-20,185.25503604981427,142.66652173913045,0.004782608695652174,0.10304347826086957,99.01173913043478,0.3965217391304348,48.82695652173913,209.88304347826087,0.07130434782608697,30.2,47.0,1009.7,9.0
2025-04-21,167.74987437185928,128.84,0.00375,0.06875,91.90249999999999,0.23916666666666667,39.14,164.16,0.12041666666666667,29.2,62.0,1010.5,8.0
2025-04-22,158.21046901172528,125.12124999999999,0.00375,0.06291666666666666,88.02833333333332,0.23124999999999998,31.407083333333333,115.71125,0.13875,29.1,65.0,1007.6,9.7
2025-04-23,162.61390284757118,126.675,0.00375,0.0675,89.81666666666666,0.34625,32.69625,112.88416666666666,0.05416666666666667,29.1,72.0,1005.7,11.0
2025-04-24,139.21342281879194,124.03916666666667,0.004166666666666667,0.08166666666666667,81.72,0.4033333333333333,31.313333333333333,94.44125000000001,0.0,29.1,71.0,1005.8,10.1
2025-04-25,106.16675041876047,112.81708333333334,0.004583333333333333,0.09458333333333334,59.675000000000004,0.37916666666666665,37.598333333333336,135.70583333333335,0.0,31.2,56.0,1005.3,11.0
2025-04-26,114.34470268006699,112.39666666666666,0.004583333333333333,0.09583333333333334,68.33041666666666,0.40166666666666667,40.91958333333333,144.32625,0.0,30.4,64.0,1006.2,10.4
2025-04-27,111.060594639866,106.87458333333335,0.004583333333333333,0.09208333333333334,67.55833333333334,0.27791666666666665,39.58583333333333,134.18375,0.0,31.3,56.0,1004.1,13.2
2025-04-28,128.87902684563758,103.48208333333334,0.004583333333333333,0.09333333333333334,78.5775,0.3675,33.67666666666667,88.02625,0.0,31.5,53.0,1004.0,14.6
2025-04-29,109.35576062639822,105.08541666666667,0.004583333333333333,0.09041666666666666,72.64083333333333,0.325,25.515833333333333,57.048750000000005,0.0,31.0,57.0,1005.6,14.6
2025-04-30,500.0,104.82,0.004583333333333333,0.08208333333333333,73.25750000000001,0.305,25.572916666666668,54.01624999999999,0.0,30.2,67.0,1006.3,14.9
2025-05-01,80.96113731656183,104.62,0.004583333333333333,0.0775,63.82208333333333,0.3595833333333333,20.864166666666666,47.95458333333334,0.0,29.9,72.0,1005.6,14.1
2025-05-02,64.21176624737944,106.05624999999999,0.004166666666666667,0.07541666666666667,58.38708333333333,0.3729166666666666,17.29625,49.940416666666664,0.0,30.1,71.0,1003.8,11.1
2025-05-03,81.44779874213836,107.42583333333333,0.004583333333333333,0.09375,63.98,0.42583333333333334,20.57125,67.13958333333333,0.0,30.1,71.0,1002.2,11.9
2025-05-04,81.3771750524109,123.68583333333333,0.004583333333333333,0.10541666666666667,63.95708333333334,0.4145833333333333,23.028750000000002,73.73833333333333,0.005,29.7,70.0,1003.3,6.7
2025-05-05,74.54576180257511,121.39958333333334,0.005,0.10875,54.82125,0.4025,23.29625,86.31166666666667,0.0,29.7,75.0,1004.2,8.7
2025-05-06,64.2207196969697,112.59791666666666,0.004583333333333333,0.08875,49.97083333333333,0.3275,16.04125,81.71124999999999,0.0,29.7,76.0,1003.2,7.7
2025-05-07,59.23802188552188,108.47458333333333,0.004583333333333333,0.07708333333333334,42.57333333333333,0.27666666666666667,12.995833333333332,71.64416666666666,0.0,29.7,75.0,1004.8,7.7
2025-05-08,71.94399410774412,96.63125000000001,0.004166666666666667,0.05666666666666667,45.04333333333333,0.19583333333333333,17.81375,97.31541666666668,0.0,29.8,72.0,1007.0,8.5
2025-05-09,65.45829966329966,98.3725,0.0033333333333333335,0.04416666666666667,48.555416666666666,0.12375000000000001,18.20375,84.21166666666666,0.012499999999999999,30.0,70.0,1007.1,11.7
2025-05-10,191.1451473063973,99.69125000000001,0.0008333333333333334,0.03916666666666667,50.76499999999999,0.11166666666666668,82.82166666666667,336.1095833333333,0.007916666666666667,29.7,77.0,1005.6,12.8
2025-05-11,179.42585177379698,105.48041666666666,0.0,0.041666666666666664,67.61583333333333,0.17541666666666667,110.55333333333334,273.09541666666667,0.0,29.4,77.0,1004.3,13.4
2025-05-12,156.38965577801193,113.28333333333335,0.00125,0.05833333333333334,73.30375,0.3695833333333333,65.93833333333333,199.76583333333335,0.0,29.7,77.0,1004.5,12.6
2025-05-13,115.17368090452261,98.26541666666667,0.004166666666666667,0.06999999999999999,64.23458333333333,0.4283333333333333,41.25625,146.67291666666668,0.0,30.5,75.0,1004.3,10.5
2025-05-14,86.89127324749643,90.89666666666666,0.004583333333333333,0.08750000000000001,55.768750000000004,0.4154166666666667,29.166666666666668,108.59458333333333,0.0,30.5,76.0,1004.1,10.1
2025-05-15,300.0,86.57416666666667,0.004583333333333333,0.10083333333333333,54.059583333333336,0.4495833333333333,20.68625,86.59125,0.0,30.2,78.0,1003.6,12.0
2025-05-16,66.25466738197426,85.08291666666666,0.004583333333333333,0.09625,53.00541666666667,0.46291666666666664,19.35375,81.6775,0.0,30.2,74.0,1003.6,11.6
2025-05-17,59.37310185185186,80.37,0.004583333333333333,0.07833333333333334,44.638749999999995,0.3745833333333333,14.439583333333333,71.91708333333334,0.0,30.1,73.0,1003.9,10.4
2025-05-18,54.351632996633,78.95083333333334,0.004583333333333333,0.05458333333333334,43.37958333333333,0.22791666666666666,12.382916666666667,61.77166666666667,0.0,30.0,72.0,1003.5,12.6
2025-05-19,40.55671296296296,80.53,0.004166666666666667,0.044583333333333336,43.80125,0.1416666666666667,6.527083333333334,32.20333333333333,0.0,30.4,71.0,1002.8,13.9
2025-05-20,43.2037037037037,86.8875,0.0020833333333333333,0.04416666666666667,46.66,0.14041666666666666,6.9025,26.685000000000002,0.0,30.2,73.0,1002.8,13.9
2025-05-21,40.71952160493827,85.49958333333332,0.004166666666666667,0.04791666666666666,43.97708333333333,0.13916666666666666,4.602916666666666,17.05875,0.0,29.9,75.0,1001.4,13.9
2025-05-22,47.107638888888886,98.90083333333332,0.004166666666666667,0.05125,45.94,0.16,11.305833333333332,36.70791666666667,0.0,30.3,73.0,999.2,15.3
2025-05-23,52.04784932659933,93.00458333333334,0.004583333333333333,0.050833333333333335,44.33416666666667,0.21375,11.085833333333333,57.11708333333333,0.002916666666666667,30.6,73.0,999.2,15.1
2025-05-24,56.96727467811159,90.21291666666667,0.004166666666666667,0.0525,49.23875,0.24333333333333332,14.9375,66.56958333333334,0.05666666666666667,30.9,75.0,1001.0,14.6
2025-05-25,62.61734620886982,89.00583333333333,0.004166666666666667,0.05791666666666667,48.61625,0.2783333333333333,17.624166666666667,64.77458333333333,0.024583333333333332,31.3,73.0,1000.9,14.6
2025-05-26,72.75645565092991,92.14916666666666,0.00375,0.055,49.711666666666666,0.265,22.44541666666667,78.25416666666666,0.08458333333333334,30.7,75.0,999.2,15.2
2025-05-27,80.96956366237482,87.85958333333333,0.004166666666666667,0.06708333333333334,48.07125,0.3416666666666666,26.35083333333333,99.17875,0.030833333333333334,30.8,80.0,997.9,12.7
2025-05-28,90.33494277539342,86.66041666666666,0.004583333333333333,0.08666666666666667,51.16208333333333,0.4116666666666666,30.804166666666664,117.13666666666667,0.0,32.8,60.0,995.9,12.9
2025-05-29,103.11451005025125,87.06625000000001,0.005416666666666667,0.08833333333333333,58.69916666666666,0.45249999999999996,36.35875,141.59583333333333,0.0,32.2,64.0,995.9,18.0
2025-05-30,101.00923366834172,88.62083333333334,0.004166666666666667,0.06583333333333334,65.62833333333333,0.44208333333333333,35.503750000000004,135.80541666666667,0.0,31.4,71.0,998.3,17.7
2025-05-31,95.2550965665236,84.74666666666667,0.00375,0.06416666666666666,59.02333333333333,0.41250000000000003,33.143750000000004,127.68666666666667,0.0,31.9,66.0,997.8,15.2
2025-06-01,105.94103852596315,83.08666666666666,0.004583333333333333,0.07166666666666667,56.05625,0.4791666666666667,37.50666666666667,131.80291666666668,0.0,30.6,75.0,997.7,15.6
2025-06-02,116.39662897822447,87.75333333333333,0.00375,0.07208333333333333,60.46375,0.47125,41.75291666666667,169.3125,0.0,29.8,80.0,999.6,15.0
2025-06-03,145.96100589225588,93.49041666666666,0.00375,0.07041666666666667,71.99041666666666,0.4675,51.50958333333333,245.8395833333333,0.0,30.2,72.0,1002.7,15.2
2025-06-04,90.23670875420876,79.92458333333333,0.00375,0.06291666666666666,57.82041666666667,0.4170833333333333,28.254583333333333,134.27416666666667,0.0,30.3,69.0,1006.6,12.7
2025-06-05,54.95802932761087,75.74249999999999,0.004166666666666667,0.051666666666666666,50.86833333333333,0.26,13.982083333333334,62.6875,0.0,30.3,68.0,1007.8,14.9
2025-06-06,59.32319444444444,79.63041666666668,0.0008333333333333334,0.04416666666666667,53.26416666666666,0.1875,13.768749999999999,71.81625,0.0,30.0,71.0,1007.1,17.1
2025-06-07,60.52942760942761,79.55666666666666,0.00375,0.043333333333333335,51.468333333333334,0.20166666666666666,14.474583333333333,74.25333333333333,0.0,30.1,70.0,1006.6,16.6
2025-06-08,49.40509259259259,79.92833333333333,0.00125,0.043750000000000004,53.357499999999995,0.20083333333333334,9.385833333333332,44.53541666666666,0.0,30.0,69.0,1005.4,17.0
2025-06-09,36.48225308641975,72.79458333333334,0.004583333333333333,0.04583333333333334,39.40083333333333,0.1925,4.289166666666667,17.5525,0.0,30.4,68.0,1003.4,17.7
2025-06-10,39.93557098765432,77.45833333333333,0.004583333333333333,0.046250000000000006,43.13041666666667,0.2175,8.751666666666667,34.23458333333333,0.002916666666666667,30.3,73.0,1002.6,16.5
2025-06-11,41.923611111111114,77.50416666666666,0.004166666666666667,0.049166666666666664,44.482499999999995,0.27375,10.061666666666667,39.04208333333333,0.0,30.3,77.0,1000.9,15.1
2025-06-12,39.68402777777778,74.05916666666667,0.004166666666666667,0.06,38.64666666666667,0.3541666666666667,9.524166666666668,40.305,0.0016666666666666668,30.8,80.0,999.1,13.2
2025-06-13,57.64374105865522,75.44208333333333,0.004583333333333333,0.07916666666666668,41.84875,0.4658333333333333,15.259166666666665,67.85958333333333,0.0,30.3,82.0,997.3,10.2
2025-06-14,72.15579124579125,77.14375,0.005416666666666667,0.09749999999999999,46.36416666666667,0.5083333333333333,21.960416666666664,97.74333333333334,0.0,30.5,79.0,996.4,8.5
2025-06-15,78.38900214592275,78.22166666666666,0.005,0.09500000000000001,49.06708333333333,0.4979166666666666,25.12375,107.50999999999999,0.0,31.9,75.0,996.3,8.0
2025-06-16,96.60712121212123,82.585,0.0025,0.07708333333333334,54.39083333333334,0.29583333333333334,32.43416666666666,147.145,0.0,31.8,73.0,997.5,12.5
2025-06-17,500.0,82.57208333333334,0.0025,0.07041666666666667,49.64875,0.39375,35.48208333333333,150.35999999999999,0.0,30.5,77.0,998.2,18.2
2025-06-18,79.5219957081545,80.03541666666666,0.0033333333333333335,0.07083333333333333,51.29791666666667,0.4375,25.662499999999998,110.36666666666667,0.0,30.3,76.0,997.0,21.1
2025-06-19,70.40459585121603,78.04375,0.00375,0.0725,50.19416666666667,0.4633333333333333,21.327083333333334,92.46333333333332,0.0,30.0,83.0,998.3,18.3
2025-06-20,82.95252145922747,80.28041666666667,0.00375,0.07083333333333333,53.020833333333336,0.48875,27.29375,118.10541666666667,0.0,30.1,83.0,999.3,16.9
2025-06-21,86.45859427609427,77.97375,0.0025,0.07958333333333334,52.846666666666664,0.5033333333333333,27.0975,126.64083333333333,0.0,29.9,80.0,997.7,13.9
2025-06-22,95.763851010101,79.08791666666666,0.0,0.08791666666666666,53.37708333333333,0.4841666666666667,31.212083333333336,145.44125,0.0,30.2,80.0,996.3,13.4
2025-06-23,96.35696548821548,79.49625,0.00375,0.09125,51.82041666666667,0.5191666666666667,33.20166666666667,146.63958333333332,0.0,30.3,79.0,995.5,11.3
2025-06-24,97.19073676680972,82.19,0.004166666666666667,0.08625000000000001,54.31375,0.5283333333333333,34.064166666666665,142.89208333333332,0.0,30.0,79.0,996.5,9.2
2025-06-25,112.10912897822445,92.06833333333333,0.00125,0.08875,65.96291666666666,0.5529166666666666,40.01166666666666,169.565,0.0,31.0,77.0,997.9,7.4
2025-06-26,126.30594276094276,88.02749999999999,0.00125,0.09625,59.059583333333336,0.375,44.57708333333333,206.12833333333333,0.0,29.4,83.0,997.4,8.8
2025-06-27,97.15305793991416,88.34666666666668,0.0016666666666666668,0.17416666666666666,55.93333333333334,0.35791666666666666,34.04625,123.52875,0.3425,27.9,87.0,997.2,12.3
2025-06-28,62.39352725366878,80.84666666666666,0.0,0.09333333333333334,57.79708333333334,0.15375,10.239583333333334,13.997083333333334,0.043750000000000004,29.1,85.0,996.4,11.1
2025-06-29,77.90890985324948,89.88041666666668,0.00375,0.08083333333333333,62.83166666666667,0.18500000000000003,11.587916666666667,18.99125,0.0,29.9,81.0,997.3,17.0
2025-06-30,72.53999579124579,69.80333333333333,0.0033333333333333335,0.09791666666666667,41.76916666666667,0.49541666666666667,21.87375,98.51958333333333,0.0,29.8,81.0,998.2,14.2
2025-07-01,65.54429713804714,71.76625,0.00375,0.08875,44.66,0.3979166666666667,18.702916666666667,84.38541666666667,0.0,29.8,81.0,997.8,13.1
2025-07-02,62.11350143061517,72.19500000000001,0.00375,0.085,43.685833333333335,0.40458333333333335,17.384583333333335,73.75291666666666,0.0,30.1,80.0,998.1,10.0
2025-07-03,65.09538626609442,72.00166666666667,0.0008333333333333334,0.09791666666666667,42.826249999999995,0.3416666666666666,18.8025,75.3725,0.004166666666666667,30.4,78.0,998.7,10.2
2025-07-04,85.29824749642347,75.06375,0.0004166666666666667,0.09749999999999999,46.945,0.31875000000000003,28.409166666666668,100.67583333333333,0.05666666666666667,31.0,75.0,997.8,12.4
2025-07-05,98.29130901287553,77.92375,0.0016666666666666668,0.10166666666666667,55.51625000000001,0.4383333333333333,34.5875,136.84791666666666,0.0,30.5,76.0,997.0,13.4
2025-07-06,107.59025252525252,71.57958333333333,0.002916666666666667,0.09916666666666667,50.750416666666666,0.6066666666666666,34.405833333333334,168.315,0.0,30.4,76.0,997.4,8.7
2025-07-07,106.44712542087542,76.55708333333334,0.0020833333333333333,0.09999999999999999,55.225,0.52,36.29625,166.00541666666666,0.0,30.8,74.0,998.8,10.1
2025-07-08,93.64279327610873,75.29208333333334,0.004166666666666667,0.09500000000000001,50.14125000000001,0.5325,32.37708333333334,133.60416666666666,0.0,30.5,78.0,998.8,10.8
2025-07-09,103.42277777777778,75.10083333333334,0.004583333333333333,0.08833333333333333,46.568333333333335,0.5291666666666667,31.76375,159.895,0.0,30.2,76.0,999.8,10.3
2025-07-10,81.4868265993266,75.50458333333334,0.004166666666666667,0.08291666666666667,45.32125,0.4995833333333333,24.83125,116.59583333333335,0.0,30.3,76.0,1001.4,11.6
2025-07-11,60.20414878397711,75.18708333333333,0.00375,0.07833333333333334,42.627916666666664,0.3441666666666667,16.476666666666667,72.53958333333334,0.0,30.1,74.0,1002.4,13.2
2025-07-12,58.870493562231765,75.9525,0.00375,0.07333333333333333,41.153749999999995,0.29875,15.842500000000001,63.581250000000004,0.0,29.8,76.0,1001.4,15.3
2025-07-13,64.42154864091559,80.83875,0.00375,0.07166666666666667,42.89625,0.3045833333333334,18.482083333333332,75.51833333333333,0.0,29.9,78.0,999.6,15.4
2025-07-14,78.01046137339056,77.87125,0.004166666666666667,0.07791666666666668,43.62416666666667,0.44208333333333333,24.943749999999998,107.03916666666667,0.0,29.9,73.0,999.7,12.1
2025-07-15,78.05022727272727,79.32041666666667,0.00375,0.08708333333333333,43.58916666666667,0.4495833333333333,24.83,109.65249999999999,0.0,29.9,73.0,1000.2,11.7
2025-07-16,82.69223484848484,75.76,0.004583333333333333,0.07833333333333332,40.57333333333333,0.42250000000000004,27.144583333333333,119.03125,0.0,29.7,75.0,1001.5,12.1
2025-07-17,77.99537037037037,77.53083333333333,0.00375,0.07458333333333333,41.677083333333336,0.38875,24.58875,109.54166666666667,0.0,30.4,70.0,1001.4,11.7
2025-07-18,68.72482117310443,78.92083333333333,0.0033333333333333335,0.07375,41.433749999999996,0.27625,20.528333333333332,84.365,0.0,30.1,74.0,998.2,15.7
2025-07-19,64.61081902718169,81.65124999999999,0.0033333333333333335,0.08375,41.739583333333336,0.3429166666666667,18.572083333333335,70.09625,0.0,29.7,77.0,997.5,12.5
2025-07-20,70.73982323232323,77.35416666666667,0.0033333333333333335,0.09125,43.81166666666667,0.38666666666666666,21.415000000000003,94.8825,0.0,30.1,76.0,999.5,11.4
2025-07-21,68.2174713876967,73.45458333333333,0.002916666666666667,0.06875,48.51583333333334,0.3120833333333333,20.28708333333333,79.755,0.0,30.1,75.0,999.7,15.1
2025-07-22,56.07437410586552,74.58291666666666,0.0033333333333333335,0.0625,46.584583333333335,0.27208333333333334,14.512916666666667,53.471666666666664,0.0,29.3,78.0,996.7,17.9
2025-07-23,64.06140915593704,78.35208333333334,0.00375,0.06999999999999999,48.31375,0.38958333333333334,18.31083333333333,75.31291666666667,0.0,29.7,77.0,996.1,13.6
2025-07-24,72.93871602288985,77.86541666666666,0.004166666666666667,0.07083333333333333,46.66708333333333,0.39458333333333334,22.532083333333333,91.83541666666667,0.0,29.7,77.0,996.9,13.4
2025-07-25,81.89138054363377,75.53208333333333,0.00375,0.075,49.38916666666666,0.42791666666666667,26.78916666666667,102.74708333333332,0.0,29.7,75.0,997.5,15.1
2025-07-26,90.75466738197426,72.17458333333333,0.0033333333333333335,0.0725,51.098749999999995,0.49875,31.00375,127.13,0.0,29.4,76.0,998.0,15.8
2025-07-27,103.36812710437711,70.91333333333334,0.0020833333333333333,0.08625,49.3725,0.5733333333333334,31.482083333333335,159.78458333333333,0.0,29.3,75.0,998.6,17.6
2025-07-28,96.9360563973064,69.67416666666666,0.0016666666666666668,0.09416666666666668,45.42875,0.6241666666666666,29.08125,147.80958333333334,0.0,29.2,77.0,998.3,19.7
2025-07-29,95.27075757575757,70.88458333333334,0.0033333333333333335,0.08041666666666668,46.662083333333335,0.64875,29.394166666666667,144.445,0.0,28.8,80.0,997.4,16.2
2025-07-30,103.44319444444444,70.165,0.00375,0.09166666666666667,47.78791666666667,0.6995833333333333,35.2675,159.93625,0.0,28.7,80.0,999.3,12.2
2025-07-31,93.17609006734007,72.91291666666667,0.0033333333333333335,0.09375,45.92458333333334,0.5754166666666667,30.226666666666663,140.21291666666667,0.0,28.4,80.0,1001.3,14.6
2025-08-01,72.26575464949929,76.125,0.00375,0.07833333333333334,45.10874999999999,0.43416666666666665,22.212083333333336,91.45125,0.0,28.1,81.0,1001.8,15.7
2025-08-02,63.07737839771102,72.93708333333333,0.00375,0.06583333333333334,45.88333333333333,0.33791666666666664,17.842916666666667,66.18291666666666,0.0,28.3,80.0,1003.0,14.0
2025-08-03,59.773909155937055,75.14833333333333,0.00375,0.06833333333333334,46.178333333333335,0.29,16.272083333333335,62.834583333333335,0.0,28.3,79.0,1003.9,15.9
2025-08-04,48.79340277777778,75.12041666666666,0.002916666666666667,0.05958333333333334,46.37833333333333,0.2775,11.710416666666667,44.59958333333333,0.0,28.0,80.0,1003.4,16.9
2025-08-05,48.44270833333333,78.63958333333333,0.0020833333333333333,0.07166666666666667,43.46,0.3125,11.626249999999999,47.16583333333333,0.0,28.0,80.0,1003.9,15.3
2025-08-06,47.244791666666664,85.99833333333333,0.00375,0.061250000000000006,42.16416666666667,0.27375,11.33875,43.60166666666667,0.0,28.1,80.0,1004.2,15.2
2025-08-07,51.718526466380546,90.30041666666666,0.004166666666666667,0.05791666666666667,42.61083333333333,0.25958333333333333,12.441666666666668,50.255833333333335,0.0,28.3,76.0,1005.0,16.8
2025-08-08,45.06770833333333,82.54333333333334,0.004166666666666667,0.05333333333333334,40.115833333333335,0.255,10.816249999999998,44.39291666666667,0.0,28.1,79.0,1006.0,15.5
2025-08-09,44.265625,75.18333333333334,0.0020833333333333333,0.05791666666666667,39.24708333333333,0.2754166666666667,10.62375,46.83625,0.0,28.0,79.0,1005.0,15.5
2025-08-10,42.53125,72.58666666666666,0.004166666666666667,0.05958333333333334,37.494166666666665,0.27999999999999997,10.2075,40.85625,0.0,27.8,79.0,1004.1,17.9
2025-08-11,42.38888888888889,76.6725,0.00375,0.06416666666666666,37.78916666666667,0.3383333333333333,10.173333333333334,41.92791666666667,0.0,27.9,78.0,1001.9,17.3
2025-08-12,54.88267167381974,74.3475,0.004166666666666667,0.08458333333333334,37.27916666666667,0.44083333333333335,13.94625,62.44166666666666,0.0,28.1,81.0,1000.3,11.2
2025-08-13,71.68579545454546,75.0775,0.00375,0.10166666666666667,40.11833333333333,0.4895833333333333,20.485416666666666,96.79375,0.0,28.6,82.0,1001.4,6.9
2025-08-14,66.73506313131314,78.91458333333334,0.002916666666666667,0.11,42.0825,0.32625,19.53708333333333,86.79125,0.0,29.4,77.0,1001.3,6.4
2025-08-15,59.57675250357654,80.36708333333333,0.004166666666666667,0.0825,40.339166666666664,0.16666666666666666,16.178333333333335,57.60541666666666,0.0,29.5,78.0,1000.1,8.6
2025-08-16,54.36480686695279,83.38166666666667,0.0033333333333333335,0.07125,39.11666666666667,0.09708333333333334,13.700000000000001,42.32083333333333,0.0,30.1,76.0,999.6,8.5
2025-08-17,51.89640557939914,86.17166666666667,0.00375,0.06583333333333334,36.810833333333335,0.0725,12.52625,35.97958333333333,0.0,30.4,78.0,1000.6,7.2
2025-08-18,49.25,84.70333333333333,0.0033333333333333335,0.08208333333333333,31.750416666666666,0.13416666666666668,11.82,26.711249999999996,0.0,28.5,87.0,1000.4,7.9
2025-08-19,43.63715277777778,79.84708333333333,0.0025,0.10541666666666666,37.9425,0.21041666666666667,10.472916666666666,18.644583333333333,0.0,28.6,87.0,999.3,5.4
2025-08-20,39.65451388888889,102.07208333333334,0.0025,0.33916666666666667,41.06791666666667,0.6320833333333333,9.517083333333334,15.935833333333333,0.0,28.1,90.0,1001.7,5.8
2025-08-21,38.42785493827161,109.34125,0.005416666666666667,0.21375,41.50208333333333,0.3445833333333333,6.090833333333333,9.160416666666666,0.0,28.1,87.0,1001.2,13.7
2025-08-22,42.420524691358025,120.13791666666667,0.0025,0.11666666666666665,45.814166666666665,0.2579166666666667,8.651666666666666,18.805833333333336,0.0,28.2,85.0,1000.1,17.2
2025-08-23,59.007188841201724,96.765,0.004166666666666667,0.09375,39.927083333333336,0.4116666666666667,15.9075,55.57125,0.0,28.1,87.0,1001.2,15.5
2025-08-24,65.23474747474748,90.27541666666667,0.004166666666666667,0.09916666666666667,39.19875,0.5183333333333334,18.763749999999998,83.76,0.0,28.1,87.0,1001.7,11.5
2025-08-25,69.53255892255892,80.09,0.005416666666666667,0.10583333333333333,36.66708333333333,0.5058333333333334,19.826666666666664,92.44333333333333,0.0,28.0,86.0,1002.9,9.8
2025-08-26,65.0620886981402,87.53041666666667,0.004166666666666667,0.10708333333333332,37.30041666666667,0.3758333333333333,18.786666666666665,74.50458333333333,0.0,28.0,85.0,1003.0,10.6
2025-08-27,62.20025035765379,107.67666666666666,0.00375,0.09291666666666666,40.901666666666664,0.29333333333333333,17.425833333333333,66.93375,0.0,28.0,83.0,1002.3,11.0
2025-08-28,56.243490701001434,107.89666666666666,0.00375,0.07541666666666667,42.98166666666666,0.22,14.593333333333334,53.32458333333333,0.0,27.8,85.0,1002.2,10.2
2025-08-29,60.4048104434907,118.81458333333335,0.0033333333333333335,0.07833333333333334,47.09375,0.22624999999999998,16.572083333333335,57.64041666666666,0.0,28.3,83.0,1003.8,9.5
2025-08-30,75.69978540772533,114.16791666666667,0.00375,0.07958333333333334,45.01833333333334,0.23083333333333333,23.845,96.99041666666666,0.0,28.3,79.0,1002.7,14.4
2025-08-31,62.33782188841202,92.44666666666666,0.00375,0.08375,40.14083333333333,0.33749999999999997,17.49125,69.22958333333334,0.0,28.1,78.0,1000.6,16.2
2025-09-01,63.89141630901288,94.15291666666667,0.00375,0.08,46.54458333333333,0.5529166666666666,18.23,73.96458333333334,0.0,28.1,77.0,1001.8,12.3
2025-09-02,62.40354077253218,84.765,0.00375,0.08,44.53041666666667,0.5666666666666667,17.522499999999997,74.17083333333333,0.0,28.5,73.0,1003.6,10.8
2025-09-03,61.660479256080116,86.375,0.00375,0.07083333333333333,45.15,0.38125000000000003,17.169166666666666,68.86125,0.0,28.2,77.0,1004.6,11.2
2025-09-04,59.319134477825465,90.59458333333333,0.00375,0.060000000000000005,47.3525,0.33208333333333334,16.055833333333332,62.99375,0.0,28.8,78.0,1004.4,13.0
2025-09-05,57.810228898426324,91.915,0.0033333333333333335,0.06041666666666667,48.13041666666667,0.4075,15.338333333333333,61.217083333333335,0.0,28.6,79.0,1003.7,13.7
2025-09-06,500.0,93.00541666666668,0.00375,0.06583333333333334,46.93291666666667,0.4691666666666667,14.856666666666667,54.100833333333334,0.0,28.4,77.0,1002.4,14.1
2025-09-07,64.03249284692419,90.36333333333333,0.002916666666666667,0.07708333333333334,47.721666666666664,0.5854166666666667,18.297083333333333,77.71791666666667,0.0,27.1,87.0,1002.1,12.5
2025-09-08,66.14163090128756,79.26166666666667,0.0016666666666666668,0.10583333333333333,46.93333333333334,0.5475,19.3,71.53708333333334,0.0,26.0,92.0,1003.7,14.6
2025-09-09,55.25507868383405,81.21083333333333,0.0016666666666666668,0.09958333333333334,47.3525,0.41083333333333333,14.123333333333333,41.443333333333335,0.0,26.4,88.0,1006.8,14.0
2025-09-10,40.717013888888886,81.08666666666666,0.0020833333333333333,0.09416666666666668,42.13791666666667,0.2941666666666667,9.772083333333333,18.20625,0.0,26.5,88.0,1006.9,10.2
2025-09-11,33.76311728395061,79.32958333333333,0.004166666666666667,0.07458333333333333,36.464166666666664,0.25666666666666665,7.71625,17.085833333333333,0.0,27.2,84.0,1007.8,10.7
2025-09-12,32.292052469135804,76.71666666666667,0.004166666666666667,0.06791666666666667,34.875416666666666,0.19541666666666668,6.1875,11.615416666666667,0.0,27.5,81.0,1008.2,11.1
2025-09-13,32.20910493827161,76.47583333333334,0.004166666666666667,0.058750000000000004,34.785833333333336,0.13833333333333334,5.2,9.310833333333333,0.0,27.6,81.0,1007.7,14.7
2025-09-14,31.086805555555554,75.80083333333333,0.004583333333333333,0.0575,33.57375,0.21,3.668333333333333,8.31875,0.0,27.5,82.0,1005.6,17.5
2025-09-15,33.604552469135804,76.04916666666666,0.0033333333333333335,0.05833333333333334,36.29291666666666,0.31958333333333333,4.51625,12.964166666666666,0.0,27.7,84.0,1004.7,14.1
2025-09-16,37.333333333333336,79.62333333333333,0.00375,0.06958333333333333,40.32,0.44249999999999995,7.508333333333333,29.022916666666664,0.0,27.6,85.0,1005.6,9.6
2025-09-17,40.84066358024691,84.10125000000001,0.00375,0.0825,44.10791666666666,0.41,8.983333333333333,38.013333333333335,0.0,27.4,86.0,1005.8,9.6
2025-09-18,37.51581790123456,83.93458333333334,0.004166666666666667,0.06791666666666667,40.51708333333333,0.30624999999999997,6.805416666666667,27.666666666666668,0.0,27.3,82.0,1007.1,10.4
2025-09-19,39.04089506172839,81.93916666666667,0.00375,0.05666666666666667,42.16416666666667,0.24458333333333335,5.932083333333334,23.63416666666667,0.0,27.4,80.0,1007.4,11.4
2025-09-20,39.538580246913575,81.45583333333333,0.00375,0.05416666666666667,42.70166666666666,0.2020833333333333,3.7575000000000003,13.249583333333334,0.0,27.5,75.0,1006.9,12.3
2025-09-21,38.0787037037037,81.81,0.0033333333333333335,0.05625,41.125,0.2004166666666667,2.765833333333333,9.2025,0.0,27.8,76.0,1007.5,14.0
2025-09-22,37.70563271604939,84.8975,0.00375,0.06083333333333334,40.72208333333334,0.23208333333333334,2.3850000000000002,7.6379166666666665,0.0,27.6,77.0,1006.7,14.7
2025-09-23,37.44945987654321,85.78375,0.0033333333333333335,0.0575,40.44541666666667,0.2808333333333333,3.1529166666666666,10.648333333333333,0.0,27.5,82.0,1004.8,12.9
2025-09-24,38.65277777777777,86.20458333333333,0.00375,0.05791666666666667,41.745,0.2833333333333333,4.68375,16.524166666666666,0.0,27.6,82.0,1005.5,8.7
2025-09-25,44.22916666666667,92.26166666666667,0.0033333333333333335,0.050833333333333335,47.767500000000005,0.16125,7.2124999999999995,26.87375,0.0,27.9,77.0,1007.4,8.6
2025-09-26,42.3653549382716,91.19583333333333,0.0016666666666666668,0.045000000000000005,45.75458333333333,0.0825,6.692083333333334,26.468333333333334,0.0,28.5,78.0,1008.2,9.5
2025-09-27,44.95871913580247,90.325,0.0033333333333333335,0.04041666666666666,48.555416666666666,0.11041666666666666,8.03125,30.697916666666668,0.0,29.1,81.0,1005.1,12.1
2025-09-28,46.58796296296296,90.17541666666666,0.0025,0.05416666666666667,50.315,0.41291666666666665,9.6925,42.03375,0.0,33.0,54.0,1001.0,7.7
2025-09-29,56.94454966329967,90.57333333333332,0.0033333333333333335,0.11333333333333334,49.72208333333333,0.6483333333333333,12.470416666666667,67.01041666666667,0.0,30.1,72.0,1000.3,8.2
2025-09-30,65.68773247496424,93.55458333333333,0.0033333333333333335,0.11458333333333333,55.38791666666666,0.5516666666666666,19.084166666666665,81.99916666666667,0.0,30.0,70.0,1001.5,9.5
2025-10-01,139.25041946308727,172.02,0.10916666666666668,1.7879166666666666,81.73125,4.441666666666666,18.890416666666667,35.82458333333333,0.025833333333333333,30.2,66.0,1004.6,11.6
2025-10-02,73.73697589098532,124.77208333333334,0.09999999999999999,1.8079166666666666,61.477916666666665,3.1374999999999997,8.383333333333333,16.534583333333334,0.10625,28.3,77.0,1007.8,13.5
2025-10-03,42.545524691358025,107.74208333333333,0.0575,1.9329166666666666,45.94916666666666,1.1929166666666666,4.865833333333334,10.531666666666666,0.012916666666666667,28.2,80.0,1008.6,10.8
2025-10-04,49.46913580246914,97.91583333333334,0.00375,0.14041666666666666,53.42666666666667,0.2654166666666667,7.7195833333333335,13.75,0.0,28.6,77.0,1007.5,14.1
2025-10-05,51.20673480083856,104.90291666666667,0.00375,0.06916666666666667,54.16708333333333,0.24666666666666667,7.5475,15.717083333333333,0.0,28.8,68.0,1008.0,19.2
2025-10-06,53.52961215932912,91.45583333333333,0.00375,0.06625,54.92083333333333,0.27375,11.271666666666667,50.13708333333333,0.0,28.5,62.0,1010.0,9.3
2025-10-07,57.16994234800838,90.06708333333334,0.0033333333333333335,0.05541666666666667,56.10208333333333,0.18166666666666667,10.614583333333334,55.30041666666667,0.0,27.3,70.0,1012.0,6.1
2025-10-08,49.92168209876543,91.16541666666666,0.00375,0.04416666666666667,53.915416666666665,0.0675,7.79,39.1275,0.0,27.6,64.0,1013.2,7.6
2025-10-09,81.88309748427675,96.56208333333332,0.00375,0.049999999999999996,64.12125,0.17541666666666667,11.408333333333333,50.94416666666667,0.0,27.4,64.0,1012.0,7.6
2025-10-10,82.78708071278828,97.01416666666667,0.0016666666666666668,0.04041666666666666,64.41458333333334,0.13333333333333333,9.907916666666667,35.35333333333333,0.0,27.2,66.0,1012.5,6.7
2025-10-11,72.3180817610063,98.09125,0.0,0.04083333333333333,61.017500000000005,0.12416666666666666,6.801666666666667,21.900000000000002,0.0,27.9,58.0,1012.5,7.3
2025-10-12,106.74270134228189,101.93208333333332,0.00375,0.07291666666666667,71.84625,0.39875,13.64,46.11625,0.0,27.5,61.0,1012.4,8.1
2025-10-13,183.7815745393635,127.32708333333333,0.005,0.125,98.41333333333334,1.1225,27.540000000000003,74.83208333333333,0.0,27.8,61.0,1010.7,9.0
2025-10-14,187.21136934673365,123.20833333333333,0.004583333333333333,0.12458333333333334,99.80624999999999,1.0395833333333333,25.28125,62.01125,0.0,28.2,53.0,1010.2,9.6
2025-10-15,206.04345363540568,130.48833333333332,0.0062499999999999995,0.15958333333333333,109.93458333333332,1.7054166666666666,34.17,83.43875,0.0,29.0,40.0,1010.9,7.6
2025-10-16,197.91319095477385,131.48625,0.008749999999999999,0.20291666666666666,104.15249999999999,1.7445833333333332,34.303333333333335,88.1125,0.0,28.9,43.0,1012.0,8.2
2025-10-17,208.7279636459431,155.57666666666668,0.010416666666666666,0.21875,112.50791666666667,1.9487500000000002,46.27916666666667,114.91125,0.037083333333333336,28.3,58.0,1010.9,8.0
2025-10-18,185.5164782244556,133.39583333333334,0.00375,0.10041666666666667,99.11791666666666,1.06,38.520833333333336,87.51375,0.0,28.9,48.0,1009.7,9.2
2025-10-19,144.69714765100673,120.29958333333333,0.00375,0.07916666666666668,83.3875,0.5545833333333333,33.316250000000004,86.81791666666668,0.0,29.3,41.0,1009.8,8.7
2025-10-20,164.5632328308208,125.32791666666667,0.006666666666666667,0.13458333333333333,90.60833333333333,0.6241666666666666,28.369583333333335,69.09916666666668,0.0020833333333333333,29.9,35.0,1011.7,6.6
2025-10-21,204.6451264488936,191.75541666666666,0.017916666666666668,0.8420833333333334,108.59416666666668,1.9325,40.13166666666667,98.73083333333334,0.28541666666666665,31.0,29.0,1012.5,10.3
2025-10-22,238.58444415173867,423.94250000000005,0.07583333333333334,2.7691666666666666,141.12791666666666,7.077500000000001,86.82083333333333,169.77833333333334,1.8504166666666666,29.7,34.0,1011.2,7.7
2025-10-23,246.70969441517386,440.48291666666665,0.075,2.1462499999999998,148.91666666666666,6.770833333333333,95.77666666666666,172.27583333333334,1.2283333333333333,29.8,30.0,1010.2,7.6
2025-10-24,246.34761591148578,467.3104166666667,0.09500000000000001,2.4008333333333334,148.56958333333333,6.034583333333334,88.59791666666666,148.90541666666667,1.21875,30.5,25.0,1009.3,7.5
2025-10-25,246.67926765015807,511.07958333333335,0.10083333333333333,3.1525,148.88750000000002,7.2925,83.01916666666666,142.03625,1.6908333333333332,30.8,24.0,1008.9,13.4
2025-10-26,232.9550579557429,287.96458333333334,0.052083333333333336,2.3625000000000003,135.73166666666665,8.116666666666667,57.75875,110.14666666666666,1.8220833333333333,30.3,24.0,1009.2,16.1
2025-10-27,238.86871707060064,288.76625,0.06125,2.61125,141.40041666666667,8.510416666666666,56.80583333333333,100.69,1.29375,29.4,35.0,1010.0,16.4
2025-10-28,235.7690990516333,301.605,0.05625,2.120833333333333,138.42916666666667,7.232500000000001,56.906666666666666,95.52666666666666,0.64875,28.9,35.0,1009.4,15.8
2025-10-29,217.76558219178082,319.99916666666667,0.055,2.15125,121.17125,6.81625,49.12291666666667,87.48375,1.0441666666666667,29.5,35.0,1009.6,14.3
2025-10-30,212.87556638566912,314.8341666666667,0.07041666666666667,2.5066666666666664,116.48375,6.506666666666667,56.93833333333333,103.91250000000001,0.6479166666666667,29.1,36.0,1010.4,7.1
2025-10-31,249.53460221285565,310.0983333333333,0.04541666666666667,1.3616666666666666,151.62458333333333,8.219583333333334,78.04291666666667,152.87541666666667,0.9500000000000001,27.6,46.0,1010.8,7.9
2025-11-01,225.02758166491043,295.0045833333333,0.037083333333333336,0.7275,128.1325,3.2883333333333336,73.87916666666668,130.51583333333335,0.05875,27.4,54.0,1011.0,7.8
2025-11-02,176.7742462311558,163.715,0.004166666666666667,0.10125,95.5675,0.31708333333333333,53.918749999999996,115.08958333333334,0.0,26.1,79.0,1009.6,9.1
2025-11-03,188.5748743718593,127.47791666666666,0.002916666666666667,0.07,100.36,0.3941666666666667,56.70791666666667,166.62875,0.0,28.0,30.0,1009.7,13.9
2025-11-04,209.59512644889355,119.62041666666666,0.008333333333333333,0.29125,113.33916666666666,0.7991666666666667,51.01083333333333,191.5979166666667,0.030833333333333334,26.8,27.0,1011.8,7.5
2025-11-05,236.09640410958906,232.025,0.10416666666666667,1.57125,138.74291666666667,5.267083333333333,52.840833333333336,143.00625,1.7108333333333334,24.8,49.0,1013.7,6.8
2025-11-06,236.25201527924128,237.71083333333334,0.06,1.1808333333333334,138.89208333333332,6.425,51.85708333333333,118.89541666666668,0.9954166666666667,24.8,49.0,1015.4,7.8
2025-11-07,196.74154103852595,107.95791666666666,0.006666666666666667,0.1325,103.67666666666666,0.48500000000000004,28.646666666666665,75.9075,0.08041666666666666,23.7,71.0,1015.5,6.8
2025-11-08,206.38198103266595,99.75727272727272,0.006363636363636364,0.06727272727272728,110.2590909090909,0.4272727272727273,15.536363636363637,38.196363636363635,0.025454545454545452,,,,
